{
    "attendanceAndLeave": [
        {
            "employeeId": 1,
            "name": "Sibongile Nkosi",
            "attendance": [
                {
                    "date": "2025-07-25",
                    "status": "Present"
                },
                {
                    "date": "2025-07-26",
                    "status": "Absent"
                },
                {
                    "date": "2025-07-27",
                    "status": "Present"
                },
                {
                    "date": "2025-07-28",
                    "status": "Present"
                },
                {
                    "date": "2025-07-29",
                    "status": "Present"
                }
            ],
            "leaveRequests": [
                {
                    "date": "2025-07-22",
                    "reason": "Sick Leave",
                    "status": "Approved"
                },
                {
                    "date": "2024-12-01",
                    "reason": "Personal",
                    "status": "Pending"
                }
            ]
        },
        {
            "employeeId": 2,
            "name": "Lungile Moyo",
            "attendance": [
                {
                    "date": "2025-07-25",
                    "status": "Present"
                },
                {
                    "date": "2025-07-26",
                    "status": "Present"
                },
                {
                    "date": "2025-07-27",
                    "status": "Absent"
                },
                {
                    "date": "2025-07-28",
                    "status": "Present"
                },
                {
                    "date": "2025-07-29",
                    "status": "Present"
                }
            ],
            "leaveRequests": [
                {
                    "date": "2025-07-15",
                    "reason": "Family Responsibility",
                    "status": "Denied"
                },
                {
                    "date": "2024-12-02",
                    "reason": "Vacation",
                    "status": "Approved"
                }
            ]
        },
        {
            "employeeId": 3,
            "name": "Thabo Molefe",
            "attendance": [
                {
                    "date": "2025-07-25",
                    "status": "Present"
                },
                {
                    "date": "2025-07-26",
                    "status": "Present"
                },
                {
                    "date": "2025-07-27",
                    "status": "Present"
                },
                {
                    "date": "2025-07-28",
                    "status": "Absent"
                },
                {
                    "date": "2025-07-29",
                    "status": "Present"
                }
            ],
            "leaveRequests": [
                {
                    "date": "2025-07-10",
                    "reason": "Medical Appointment",
                    "status": "Approved"
                },
                {
                    "date": "2024-12-05",
                    "reason": "Personal",
                    "status": "Pending"
                }
            ]
        },
        {
            "employeeId": 4,
            "name": "Keshav Naidoo",
            "attendance": [
                {
                    "date": "2025-07-25",
                    "status": "Absent"
                },
                {
                    "date": "2025-07-26",
                    "status": "Present"
                },
                {
                    "date": "2025-07-27",
                    "status": "Present"
                },
                {
                    "date": "2025-07-28",
                    "status": "Present"
                },
                {
                    "date": "2025-07-29",
                    "status": "Present"
                }
            ],
            "leaveRequests": [
                {
                    "date": "2025-07-20",
                    "reason": "Bereavement",
                    "status": "Approved"
                }
            ]
        },
        {
            "employeeId": 5,
            "name": "Zanele Khumalo",
            "attendance": [
                {
                    "date": "2025-07-25",
                    "status": "Present"
                },
                {
                    "date": "2025-07-26",
                    "status": "Present"
                },
                {
                    "date": "2025-07-27",
                    "status": "Absent"
                },
                {
                    "date": "2025-07-28",
                    "status": "Present"
                },
                {
                    "date": "2025-07-29",
                    "status": "Present"
                }
            ],
            "leaveRequests": [
                {
                    "date": "2024-12-01",
                    "reason": "Childcare",
                    "status": "Pending"
                }
            ]
        },
        {
            "employeeId": 6,
            "name": "Sipho Zulu",
            "attendance": [
                {
                    "date": "2025-07-25",
                    "status": "Present"
                },
                {
                    "date": "2025-07-26",
                    "status": "Present"
                },
                {
                    "date": "2025-07-27",
                    "status": "Absent"
                },
                {
                    "date": "2025-07-28",
                    "status": "Present"
                },
                {
                    "date": "2025-07-29",
                    "status": "Present"
                }
            ],
            "leaveRequests": [
                {
                    "date": "2025-07-18",
                    "reason": "Sick Leave",
                    "status": "Approved"
                }
            ]
        },
        {
            "employeeId": 7,
            "name": "Naledi Moeketsi",
            "attendance": [
                {
                    "date": "2025-07-25",
                    "status": "Present"
                },
                {
                    "date": "2025-07-26",
                    "status": "Present"
                },
                {
                    "date": "2025-07-27",
                    "status": "Present"
                },
                {
                    "date": "2025-07-28",
                    "status": "Absent"
                },
                {
                    "date": "2025-07-29",
                    "status": "Present"
                }
            ],
            "leaveRequests": [
                {
                    "date": "2025-07-22",
                    "reason": "Vacation",
                    "status": "Pending"
                }
            ]
        },
        {
            "employeeId": 8,
            "name": "Farai Gumbo",
            "attendance": [
                {
                    "date": "2025-07-25",
                    "status": "Present"
                },
                {
                    "date": "2025-07-26",
                    "status": "Absent"
                },
                {
                    "date": "2025-07-27",
                    "status": "Present"
                },
                {
                    "date": "2025-07-28",
                    "status": "Present"
                },
                {
                    "date": "2025-07-29",
                    "status": "Present"
                }
            ],
            "leaveRequests": [
                {
                    "date": "2024-12-02",
                    "reason": "Medical Appointment",
                    "status": "Approved"
                }
            ]
        },
        {
            "employeeId": 9,
            "name": "Karabo Dlamini",
            "attendance": [
                {
                    "date": "2025-07-25",
                    "status": "Present"
                },
                {
                    "date": "2025-07-26",
                    "status": "Present"
                },
                {
                    "date": "2025-07-27",
                    "status": "Present"
                },
                {
                    "date": "2025-07-28",
                    "status": "Absent"
                },
                {
                    "date": "2025-07-29",
                    "status": "Present"
                }
            ],
            "leaveRequests": [
                {
                    "date": "2025-07-19",
                    "reason": "Childcare",
                    "status": "Denied"
                }
            ]
        },
        {
            "employeeId": 10,
            "name": "Fatima Patel",
            "attendance": [
                {
                    "date": "2025-07-25",
                    "status": "Present"
                },
                {
                    "date": "2025-07-26",
                    "status": "Present"
                },
                {
                    "date": "2025-07-27",
                    "status": "Absent"
                },
                {
                    "date": "2025-07-28",
                    "status": "Present"
                },
                {
                    "date": "2025-07-29",
                    "status": "Present"
                }
            ],
            "leaveRequests": [
                {
                    "date": "2024-12-03",
                    "reason": "Vacation",
                    "status": "Pending"
                }
            ]
        }
    ]
}